Timestamp;Which is your favourite K-Pop group?;Which is your favourite K-Pop group? 2;Is K-Pop popular in your country? ;Why do you like K-Pop?;When did you start listening to K-Pop?;Do you listen to K-Pop male groups more than girl group songs?;How many hours do you spend listening to K-Pop?;Do you watch K-Pop Youtube videos?;If you do watch K-Pop music videos, how long do you spend watching them?;Would you say that you are obsessed with K-Pop?;Has consuming K-Pop affected your personal life in the following ways?;Have you experienced any positive effects after consuming K-Pop? ;Do you attend K-Pop concerts?;How old are you?;Edad;Which country are you from?;What is your gender?
2019/02/23 4:04:31 AM GMT+5:30;BTS;;Its gaining popularity;Its different from the usual music. I like something new for a change;1 -2 years ago;Its about the music, not the gender;5;Yes;2;Notsure;Led to you being cajoled (made fun of) by classmates and family;Reduced stress/anxiety/depression;Yes;15 - 20 years;B;A country in the UK;Female
2019/02/23 4:04:38 AM GMT+5:30;BTS;;Its gaining popularity;"Its different from the usual music. I like something new for a change;The videos are unique;Choreography is unique;The idols are very attractive";3-4 years ago;I listen to both;4;Yes;2;Yes;Led to you being cajoled (made fun of) by classmates and family;Made friends who are like-minded;I want to, but the K-Pop groups don't come to my city;15 - 20 years;B;A country in the UK;Female
2019/02/23 4:04:56 AM GMT+5:30;BTS;MONSTA X;Its gaining popularity;"Its different from the usual music. I like something new for a change;idols care much more about fans, their relationship is closer than other western artists";More than 4 years ago;Its about the music, not the gender;4;Yes;2;No;Led to you being cajoled (made fun of) by classmates and family;Made friends who are like-minded;Yes;15 - 20 years;B;Other European countries;Female
2019/02/23 4:04:58 AM GMT+5:30;BTS;;Its gaining popularity;Its different from the usual music. I like something new for a change;3-4 years ago;I listen to both;5;Yes;3;No;Led to you being cajoled (made fun of) by classmates and family;Reduced stress/anxiety/depression;Yes;21 - 26 years;C;USA;Female
2019/02/23 4:05:12 AM GMT+5:30;BTS;;Yes;Its different from the usual music. I like something new for a change;3-4 years ago;Yes;5;Yes;2;Notsure;Led to you being cajoled (made fun of) by classmates and family;Reduced stress/anxiety/depression;I want to, but the K-Pop groups don't come to my city;15 - 20 years;B;USA;Female
2019/02/23 4:05:38 AM GMT+5:30;BTS;EXO;Its gaining popularity;"Its different from the usual music. I like something new for a change;The videos are unique;Choreography is unique";More than 4 years ago;Yes;4;Yes;1;No;Led to you being cajoled (made fun of) by classmates and family;Made friends who are like-minded;I want to, but the K-Pop groups don't come to my city;15 - 20 years;B;USA;Female
2019/02/23 4:05:49 AM GMT+5:30;BTS;;I'm not sure;The idols connect with their fans in a way that western artists donâ€™t, the idols are also very respective and entertaining. The music they produce is always very catchy as well:) ;3-4 years ago;I listen to both;5;Yes;1;Yes;Reduced the amount of sleep you get;Made friends who are like-minded;I want to, but the K-Pop groups don't come to my city;10 - 14 years;A;Canada ;Female
2019/02/23 4:06:05 AM GMT+5:30;BTS;;Yes;"Its different from the usual music. I like something new for a change;The videos are unique;Choreography is unique";More than 4 years ago;I listen to both;4;Yes;1;Yes;Nothing really;Reduced stress/anxiety/depression;Yes;15 - 20 years;B;USA;Female
2019/02/23 4:06:11 AM GMT+5:30;NCT ;Ateez;Its gaining popularity;Its different from the usual music. I like something new for a change;3-4 years ago;I listen to both;5;Yes;2;Notsure;Reduced the amount of sleep you get;Made friends who are like-minded;I want to, but the K-Pop groups don't come to my city;10 - 14 years;A;A country in the UK;Female
2019/02/23 4:06:26 AM GMT+5:30;BTS;;Yes;Its different from the usual music. I like something new for a change;More than 4 years ago;I listen to both;24;Yes;1;No;Nope;Reduced stress/anxiety/depression;I want to, but the K-Pop groups don't come to my city;15 - 20 years;B;USA;Female
2019/02/23 4:06:28 AM GMT+5:30;BTS;;I'm not sure;How unique it is and that they can also incorporate other cultures in their music;More than 4 years ago;Its about the music, not the gender;5;Yes;1;No;Led to you being cajoled (made fun of) by classmates and family;Reduced stress/anxiety/depression;I want to, but the K-Pop groups don't come to my city;10 - 14 years;A;USA;Female
2019/02/23 4:06:28 AM GMT+5:30;BTS;EXO;Its gaining popularity;"Its different from the usual music. I like something new for a change;The videos are unique;Choreography is unique";1 -2 years ago;I listen to both;4;Yes;1;Notsure;Led to you being cajoled (made fun of) by classmates and family;Reduced stress/anxiety/depression;Yes;15 - 20 years;B;A country in the UK;Female
2019/02/23 4:06:54 AM GMT+5:30;JBJ;;Its gaining popularity;"Its different from the usual music. I like something new for a change;The videos are unique;Choreography is unique";More than 4 years ago;I listen to both;4;Yes;1;Notsure;n/a;Made friends who are like-minded;I want to, but the K-Pop groups don't come to my city;15 - 20 years;B;USA;Female
2019/02/23 4:06:58 AM GMT+5:30;BTS;BLACKPINK;Its gaining popularity;"Its different from the usual music. I like something new for a change;The videos are unique;Choreography is unique;The idols are very attractive";1 -2 years ago;Yes;1;Yes;1;No;Led to you being cajoled (made fun of) by classmates and family;Made friends who are like-minded;No;15 - 20 years;B;USA;Female
2019/02/23 4:07:00 AM GMT+5:30;Girl's Day;;Its gaining popularity;"Its different from the usual music. I like something new for a change;The videos are unique;The idols are very attractive";More than 4 years ago;I listen to both;5;Yes;1;Yes;None;Made friends who are like-minded;Yes;21 - 26 years;C;USA;Male
2019/02/23 4:07:02 AM GMT+5:30;BTS;;I'm not sure;"Its different from the usual music. I like something new for a change;The videos are unique;Choreography is unique;The idols are very attractive";1 -2 years ago;I listen to both;4;Yes;2;No;Led to you being cajoled (made fun of) by classmates and family;Reduced stress/anxiety/depression;Yes;15 - 20 years;B;A country in the UK;Female
2019/02/23 4:07:07 AM GMT+5:30;BTS;;Its gaining popularity;Its different from the usual music. I like something new for a change;1 -2 years ago;Yes;4;Yes;1;No;Led to you being cajoled (made fun of) by classmates and family;Made friends who are like-minded;I want to, but the K-Pop groups don't come to my city;10 - 14 years;A;USA;Female
2019/02/23 4:07:19 AM GMT+5:30;BTS;EXO;Yes;"Its different from the usual music. I like something new for a change;The videos are unique;Most songs are very meaning full and I can relate to them. Plus all the idols are very talented in singing, dance, etc.";3-4 years ago;Its about the music, not the gender;24;Yes;1;Notsure;Led to you being cajoled (made fun of) by classmates and family;Reduced stress/anxiety/depression;I want to, but the K-Pop groups don't come to my city;10 - 14 years;A;USA;Female
2019/02/23 4:07:21 AM GMT+5:30;BTS;EXO;Yes;"Its different from the usual music. I like something new for a change;The videos are unique;Choreography is unique;The idols are very attractive";More than 4 years ago;I listen to both;5;Yes;1;Yes;Reduced the amount of sleep you get;Made friends who are like-minded;Yes;15 - 20 years;B;USA;Female
2019/02/23 4:07:28 AM GMT+5:30;BTS;EXO;Its gaining popularity;"Its different from the usual music. I like something new for a change;The videos are unique;Choreography is unique";3-4 years ago;I listen to both;4;Yes;1;No;Led to you being cajoled (made fun of) by classmates and family;Made friends who are like-minded;Yes;15 - 20 years;B;USA;Female
2019/02/23 4:07:42 AM GMT+5:30;BTS;MONSTA X;Its gaining popularity;"Its different from the usual music. I like something new for a change;The videos are unique;Choreography is unique";3-4 years ago;Its about the music, not the gender;4;Yes;2;Notsure;Led to you being cajoled (made fun of) by classmates and family;Made friends who are like-minded;No;15 - 20 years;B;France;Female
2019/02/23 4:07:54 AM GMT+5:30;BTS;LOONA;Its gaining popularity;Its different from the usual music. I like something new for a change;3-4 years ago;I listen to both;4;Yes;2;Yes;Led to you being cajoled (made fun of) by classmates and family;Made friends who are like-minded;I want to, but the K-Pop groups don't come to my city;15 - 20 years;B;Other European countries;Female
2019/02/23 4:08:28 AM GMT+5:30;BTS;;No;Because it has and is helping me through my inner struggles and it calms me down whenever i'm having a bad day. it's just extremely important to me.;1 -2 years ago;Its about the music, not the gender;4;Yes;1;No;Led to you being cajoled (made fun of) by classmates and family;Reduced stress/anxiety/depression;I want to, but the K-Pop groups don't come to my city;15 - 20 years;B;Latin America;Female
2019/02/23 4:09:01 AM GMT+5:30;Seventeen;;I'm not sure;Its unique in and of itself. It has also helped me through depression and suicidal thoughts;3-4 years ago;I listen to both;5;Yes;3;Notsure;Led to you being cajoled (made fun of) by classmates and family;Reduced stress/anxiety/depression;Yes;15 - 20 years;B;Canada;Female
2019/02/23 4:09:02 AM GMT+5:30;BTS;EXO;Yes;"Its different from the usual music. I like something new for a change;The videos are unique;Choreography is unique";1 -2 years ago;I listen to both;5;Yes;2;No;Reduced the amount of sleep you get;Reduced stress/anxiety/depression;I want to, but the K-Pop groups don't come to my city;10 - 14 years;A;USA;Female
2019/02/23 4:09:39 AM GMT+5:30;BTS;LOONA;Its gaining popularity;I love it because I love music no matter the language (also I love awesome concepts) ;More than 4 years ago;Its about the music, not the gender;4;Yes;1;No;Led to you being cajoled (made fun of) by classmates and family;Made friends who are like-minded;No;15 - 20 years;B;Australia;Female
2019/02/23 4:09:53 AM GMT+5:30;Seventeen ;LOONA;Its gaining popularity;Its different from the usual music. I like something new for a change;1 -2 years ago;I listen to both;12;Yes;3;Yes;Led to you being cajoled (made fun of) by classmates and family;Reduced stress/anxiety/depression;I want to, but the K-Pop groups don't come to my city;15 - 20 years;B;A country in the UK;Female
2019/02/23 4:10:33 AM GMT+5:30;Shinee;;Its gaining popularity;"Its different from the usual music. I like something new for a change;The videos are unique;Choreography is unique;It gives an late 90â€™s early 2000â€™s feel. I think the feeling of nastalgia draws me in a bit. ";More than 4 years ago;Yes;5;Yes;2;No;Led to you being cajoled (made fun of) by classmates and family;Made friends who are like-minded;I want to, but the K-Pop groups don't come to my city;21 - 26 years;C;USA;Female
2019/02/23 4:10:37 AM GMT+5:30;BTS;MONSTA X;Its gaining popularity;The videos are unique;3-4 years ago;I listen to both;5;Yes;2;No;None;Reduced stress/anxiety/depression;Yes;15 - 20 years;B;USA;Female
2019/02/23 4:10:47 AM GMT+5:30;BTS;BLACKPINK;Its gaining popularity;Its different from the usual music. I like something new for a change;3-4 years ago;Its about the music, not the gender;5;Yes;2;Notsure;Led to you being cajoled (made fun of) by classmates and family;Reduced stress/anxiety/depression;I want to, but the K-Pop groups don't come to my city;15 - 20 years;B;Sweden;Female
2019/02/23 4:10:53 AM GMT+5:30;NCT ;Ateez;Its gaining popularity;"Its different from the usual music. I like something new for a change;Choreography is unique";3-4 years ago;I listen to both;5;Yes;3;Notsure;Reduced the amount of sleep you get;Reduced stress/anxiety/depression;I want to, but the K-Pop groups don't come to my city;15 - 20 years;B;A country in the UK;Female
2019/02/23 4:12:02 AM GMT+5:30;BTS;;Yes;"Its different from the usual music. I like something new for a change;The videos are unique;Choreography is unique;The idols are very attractive";3-4 years ago;I listen to both;5;Yes;2;Notsure;Led to you being cajoled (made fun of) by classmates and family;Made friends who are like-minded;I want to, but the K-Pop groups don't come to my city;15 - 20 years;B;USA;Female
2019/02/23 4:12:08 AM GMT+5:30;Girls' Generation (SNSD);;Yes;"There's interviews of many composers who love ""experimenting"" with Kpop songs. Definitely more musical than western music.";More than 4 years ago;I listen to both;24;Yes;4;Yes;Small amount of criticism.;Made friends who are like-minded;I want to, but the K-Pop groups don't come to my city;15 - 20 years;B;USA;Male
2019/02/23 4:12:31 AM GMT+5:30;BTS;;Its gaining popularity;"Its different from the usual music. I like something new for a change;The videos are unique";3-4 years ago;Its about the music, not the gender;4;Yes;2;No;"Changed my perspective on what occupation Iâ€™d like to persue in the future which is actually working as a translator ;) ";Reduced stress/anxiety/depression;Yes;15 - 20 years;B;Canada;Female
2019/02/23 4:12:38 AM GMT+5:30;Stray Kids;;Yes;Its different from the usual music. I like something new for a change;More than 4 years ago;I listen to both;4;Yes;2;Yes;Led to you being cajoled (made fun of) by classmates and family;All of the above;Yes;10 - 14 years;A;Canada;Female
2019/02/23 4:12:43 AM GMT+5:30;BTS;;I'm not sure;"Its different from the usual music. I like something new for a change;The videos are unique;Choreography is unique;The idols are very attractive";More than 4 years ago;I listen to both;4;Yes;1;Yes;Led to you being cajoled (made fun of) by classmates and family;Reduced stress/anxiety/depression;I want to, but the K-Pop groups don't come to my city;15 - 20 years;B;A country in the UK;Female
2019/02/23 4:12:50 AM GMT+5:30;BTS;MONSTA X;Its gaining popularity;"Its different from the usual music. I like something new for a change;The videos are unique;Choreography is unique";More than 4 years ago;I listen to both;5;Yes;2;Notsure;Led to you being cajoled (made fun of) by classmates and family;all the above;Yes;15 - 20 years;B;USA;Female
2019/02/23 4:15:05 AM GMT+5:30;MONSTA X;;Its gaining popularity;"Its different from the usual music. I like something new for a change;The videos are unique;Choreography is unique;The idols are very attractive";More than 4 years ago;I listen to both;4;Yes;2;Yes;Led to you being cajoled (made fun of) by classmates and family;Reduced stress/anxiety/depression;I want to, but the K-Pop groups don't come to my city;21 - 26 years;C;USA;Female
2019/02/23 4:15:20 AM GMT+5:30;BTS;MONSTA X;Its gaining popularity;"Its different from the usual music. I like something new for a change;The videos are unique;Choreography is unique";More than 4 years ago;I listen to both;1;Yes;1;No;nope not at all;made friends on internet and when i went to high school (senior year);Yes;15 - 20 years;B;USA;Female
2019/02/23 4:15:28 AM GMT+5:30;BTS;EXO;Yes;"Its different from the usual music. I like something new for a change;The videos are unique;Choreography is unique;The idols are very attractive";Iâ€™ve been listening to it all my life basically, my cousins are Asian, and Iâ€™m mexican, so people think Iâ€™m just a koreaboo, when in reality Iâ€™ve only ever listened to korean and Chinese music;I listen to both;24;Yes;2;No;Led to you being cajoled (made fun of) by classmates and family;Reduced stress/anxiety/depression;Yes;10 - 14 years;A;USA;Female
2019/02/23 4:15:32 AM GMT+5:30;BTS;EXO;Its gaining popularity;"Its different from the usual music. I like something new for a change;The videos are unique;Choreography is unique;The idols are very attractive;There is always something happening and the idols truly appreciate the fans. ";3-4 years ago;Yes;5;Yes;2;Yes;Made my bond with my friends stronger ! My family and some friends still make fun of me, but for the most part they accept it. ;Its where I go to unwind and it helps with my anxiety, stress, and depression. Iâ€™ve also made a ton of internet friends and in real life friends from it too ! ;Yes;15 - 20 years;B;USA;Female
2019/02/23 4:16:23 AM GMT+5:30;EXO;;Its gaining popularity;"Its different from the usual music. I like something new for a change;The videos are unique;Choreography is unique;The idols are very attractive";More than 4 years ago;I listen to both;5;Yes;1;Yes;Reduced the amount of sleep you get;Made friends who are like-minded;Yes;21 - 26 years;C;USA;Female
2019/02/23 4:17:01 AM GMT+5:30;Seventeen;;Yes;The videos are unique;7 years;Its about the music, not the gender;4;Yes;1;No;Nope;Made friends who are like-minded;No;15 - 20 years;B;USA;Transgender
2019/02/23 4:17:05 AM GMT+5:30;BTS;;Its gaining popularity;The hard thatâ€™s put into every song, performance, or album is phenomenal.;More than 4 years ago;Its about the music, not the gender;24;Yes;2;No;Led to you being cajoled (made fun of) by classmates and family;Reduced stress/anxiety/depression;No;15 - 20 years;B;USA;Female
2019/02/23 4:17:23 AM GMT+5:30;BTS;;Its gaining popularity;Its different from the usual music. I like something new for a change;3-4 years ago;Its about the music, not the gender;1;Yes;1;No;Led to you being cajoled (made fun of) by classmates and family;Reduced stress/anxiety/depression;No;21 - 26 years;C;USA;Female
2019/02/23 4:18:01 AM GMT+5:30;BTS;BLACKPINK;I'm not sure;Its different from the usual music. I like something new for a change;Less than a year ago;I listen to both;5;Yes;1;Notsure;Reduced the amount of sleep you get;Reduced stress/anxiety/depression;I want to, but the K-Pop groups don't come to my city;15 - 20 years;B;USA;Female
2019/02/23 4:18:32 AM GMT+5:30;BTS;;No;"Its different from the usual music. I like something new for a change;The videos are unique;Choreography is unique;The idols are very attractive";1 -2 years ago;Yes;1;Yes;2;No;Led to you being cajoled (made fun of) by classmates and family;Reduced stress/anxiety/depression;I want to, but the K-Pop groups don't come to my city;10 - 14 years;A;A country in the UK;Female
2019/02/23 4:18:58 AM GMT+5:30;BTS;;I'm not sure;Its different from the usual music. I like something new for a change;3-4 years ago;I listen to both;4;Yes;3;Yes;Reduced the amount of sleep you get;Reduced stress/anxiety/depression;Yes;27 - 30;D;Canada ;Female
2019/02/23 4:19:04 AM GMT+5:30;BTS;;Yes;"Its different from the usual music. I like something new for a change;Choreography is unique;They are all very relatable to me. They music is very inspirational.";1 -2 years ago;Yes;24;Yes;1;Yes;None ;Reduced stress/anxiety/depression;I want to, but the K-Pop groups don't come to my city;15 - 20 years;B;USA;Female
2019/02/23 4:19:18 AM GMT+5:30;BTS;EXO;Its gaining popularity;I started to listen to it as a form of studying since I started learning Korean (after deciding Japanese was too hardðŸ˜‚);More than 4 years ago;Its about the music, not the gender;5;No;;No;Led to you being cajoled (made fun of) by classmates and family;Learning about something new ;No;15 - 20 years;B;USA;Female
2019/02/23 4:19:51 AM GMT+5:30;LOONA;;Its gaining popularity;"The videos are unique;Choreography is unique";1 -2 years ago;No;4;Yes;1;No;Led to you being cajoled (made fun of) by classmates and family;Reduced stress/anxiety/depression;Yes;15 - 20 years;B;USA;Female
2019/02/23 4:20:24 AM GMT+5:30;BTS;;I'm not sure;Its different from the usual music. I like something new for a change;More than 4 years ago;Yes;5;Yes;2;Yes;Reduced the amount of sleep you get;Both;I want to, but the K-Pop groups don't come to my city;15 - 20 years;B;Germany;Female
2019/02/23 4:20:54 AM GMT+5:30;Wanna one;;Its gaining popularity;Just everything, itâ€™s different and the idols are so talented;1 -2 years ago;I listen to both;24;Yes;3;Notsure;Reduced the amount of sleep you get;Reduced stress/anxiety/depression;Yes;15 - 20 years;B;Finland;Female
2019/02/23 4:21:05 AM GMT+5:30;BTS;;Its gaining popularity;Its different from the usual music. I like something new for a change;1 -2 years ago;Yes;4;Yes;2;Notsure;Led to you being cajoled (made fun of) by classmates and family;Made friends who are like-minded;Yes;15 - 20 years;B;France;Female
2019/02/23 4:21:09 AM GMT+5:30;Bigbang; GOT7 ;Its gaining popularity;The hard work that goes on behind the scenes so they are able to sing and dance live always striving for the highest quality ;More than 4 years ago;Its about the music, not the gender;12;Yes;1;Yes;If itâ€™s not balanced ;Reduced stress/anxiety/depression;Yes;21 - 26 years;C;A country in the UK;Female
2019/02/23 4:22:47 AM GMT+5:30;BTS;;Its gaining popularity;"The videos are unique;Choreography is unique;The idols are very attractive";1 -2 years ago;Yes;4;Yes;1;Yes;Reduced the number of friends you have;Reduced stress/anxiety/depression;I want to, but the K-Pop groups don't come to my city;10 - 14 years;A;Other European countries;Female
2019/02/23 4:23:40 AM GMT+5:30;BTS;;Yes;Honestly I don't really like Korean pop, I like BTS and a few other Korean artists (singers and rappers) but mostly they're more hip hop/rnb/rock/alternative I guess? ;More than 4 years ago;Its about the music, not the gender;12;No;1;No;No I'm fine. But I don't talk about it either. ;Reduced stress/anxiety/depression;No;21 - 26 years;C;France;Female
2019/02/23 4:25:36 AM GMT+5:30;BTS;EXO;Its gaining popularity;Its different from the usual music. I like something new for a change;More than 4 years ago;Its about the music, not the gender;5;Yes;1;Notsure;Led to you being cajoled (made fun of) by classmates and family;Reduced stress/anxiety/depression;Yes;21 - 26 years;C;USA;Female
2019/02/23 4:25:53 AM GMT+5:30;BLACKPINK;;No;"The videos are unique;The idols are very attractive";3-4 years ago;No;4;Yes;1;Notsure;all of them;Made friends who are like-minded;I want to, but the K-Pop groups don't come to my city;15 - 20 years;B;Germany;Male
2019/02/23 4:26:00 AM GMT+5:30;G idle;;I'm not sure;The music is good;1 -2 years ago;Its about the music, not the gender;4;Yes;1;No;No;Made me closer with my partner;I want to, but the K-Pop groups don't come to my city;15 - 20 years;B;Other European countries;Male
2019/02/23 4:26:31 AM GMT+5:30;BTS;;Its gaining popularity;Its different from the usual music. I like something new for a change;3-4 years ago;Yes;4;Yes;2;Notsure;Led to you being cajoled (made fun of) by classmates and family;Made friends who are like-minded;I want to, but the K-Pop groups don't come to my city;10 - 14 years;A;USA;Female
2019/02/23 4:26:45 AM GMT+5:30;TVXQ;;Its gaining popularity;Choreography is unique;More than 4 years ago;Yes;4;Yes;1;No;Led to you being cajoled (made fun of) by classmates and family;Reduced stress/anxiety/depression;No;21 - 26 years;C;USA;Female
2019/02/23 4:27:18 AM GMT+5:30;BTS;;Its gaining popularity;Its different from the usual music. I like something new for a change;3-4 years ago;I listen to both;4;Yes;1;No;Led to you being cajoled (made fun of) by classmates and family;Reduced stress/anxiety/depression;I want to, but the K-Pop groups don't come to my city;15 - 20 years;B;Other European countries;Female
2019/02/23 4:31:02 AM GMT+5:30;BTS;;Yes;"Its different from the usual music. I like something new for a change;The videos are unique;Choreography is unique;The idols are very attractive";1 -2 years ago;I listen to both;4;Yes;1;Yes;Led to you being cajoled (made fun of) by classmates and family;Made friends who are like-minded;Yes;15 - 20 years;B;USA;Female
2019/02/23 4:31:07 AM GMT+5:30;BTS;;Yes;Its different from the usual music. I like something new for a change;More than 4 years ago;I listen to both;5;Yes;3;No;Reduced the amount of sleep you get;Reduced stress/anxiety/depression;I want to, but the K-Pop groups don't come to my city;15 - 20 years;B;USA;Female
2019/02/23 4:31:09 AM GMT+5:30;BTS;;Yes;Its different from the usual music. I like something new for a change;More than 4 years ago;I listen to both;5;Yes;1;Yes;Reduced the amount of sleep you get;Reduced stress/anxiety/depression;Yes;15 - 20 years;B;USA;Female
2019/02/23 4:31:51 AM GMT+5:30;EXO;;Its gaining popularity;"Its different from the usual music. I like something new for a change;The videos are unique;Choreography is unique;They are all very interactive with their fans even though they have a language barrier.";7 years ago;I listen to both;5;Yes;1;Yes;No it hasn't.;Reduced stress/anxiety/depression;No;10 - 14 years;A;USA;Female
2019/02/23 4:33:54 AM GMT+5:30;MONSTA X; GOT7 ;No;I love all aspects of it, the people, the music, the way in which itâ€™s presented. Everything drew me in ;3-4 years ago;I listen to both;5;Yes;4;Yes;Reduced the amount of sleep you get;Reduced stress/anxiety/depression;I want to, but the K-Pop groups don't come to my city;15 - 20 years;B;Australia ;Female
2019/02/23 4:34:09 AM GMT+5:30;Stray Kids;;I'm not sure;"Its different from the usual music. I like something new for a change;The videos are unique";3-4 years ago;Its about the music, not the gender;5;Yes;2;Notsure;Reduced the amount of sleep you get;Reduced stress/anxiety/depression;I want to, but the K-Pop groups don't come to my city;15 - 20 years;B;Australia ;Female
2019/02/23 4:34:19 AM GMT+5:30;BTS;;Its gaining popularity;Its different from the usual music. I like something new for a change;3-4 years ago;I listen to both;5;Yes;2;Yes;Reduced the amount of sleep you get;Made friends who are like-minded;I want to, but the K-Pop groups don't come to my city;15 - 20 years;B;USA;Female
2019/02/23 4:35:16 AM GMT+5:30;TWICE;;Its gaining popularity;Its different from the usual music. I like something new for a change;3-4 years ago;Yes;1;Yes;1;Yes;Not really;Made friends who are like-minded;Yes;21 - 26 years;C;USA;Male
2019/02/23 4:35:39 AM GMT+5:30;BTS;;Its gaining popularity;Its different from the usual music. I like something new for a change;1 -2 years ago;Its about the music, not the gender;5;Yes;1;Notsure;Reduced the amount of sleep you get;Reduced stress/anxiety/depression;I want to, but the K-Pop groups don't come to my city;15 - 20 years;B;USA;Female
2019/02/23 4:39:02 AM GMT+5:30;BTS;;Its gaining popularity;The love the music, and dancing. ;3-4 years ago;I listen to both;5;Yes;1;Yes;Reduced the amount of sleep you get;Reduced stress/anxiety/depression;I want to, but the K-Pop groups don't come to my city;15 - 20 years;B;Australia;Female
2019/02/23 4:41:53 AM GMT+5:30;LOONA; iz one ;Its gaining popularity;"Its different from the usual music. I like something new for a change;Choreography is unique";1 -2 years ago;No;5;Yes;1;No;Led to you being cajoled (made fun of) by classmates and family;Made friends who are like-minded;I want to, but the K-Pop groups don't come to my city;15 - 20 years;B;Other European countries;Female
2019/02/23 4:42:21 AM GMT+5:30;BTS;;I'm not sure;Its different from the usual music. I like something new for a change;3-4 years ago;I listen to both;5;Yes;1;No;Reduced your time to socialise with your friends/partners/family;Reduced stress/anxiety/depression;Yes;15 - 20 years;B;Canada;Female
2019/02/23 4:46:30 AM GMT+5:30;BTS;;Its gaining popularity;Its different from the usual music. I like something new for a change;8+ years ago;Its about the music, not the gender;5;Yes;4;Notsure;Led to you being cajoled (made fun of) by classmates and family;Made friends who are like-minded;I want to, but the K-Pop groups don't come to my city;15 - 20 years;B;Latin America;Female
2019/02/23 4:46:40 AM GMT+5:30;BTS;;Yes;Its different from the usual music. I like something new for a change;More than 4 years ago;Yes;4;Yes;1;No;Reduced the amount of sleep you get;Reduced stress/anxiety/depression;Yes;15 - 20 years;B;USA;Female
2019/02/23 4:46:56 AM GMT+5:30;BTS;;Its gaining popularity;"Its different from the usual music. I like something new for a change;BTS learned me how to have fun because of dancing to the music and I have more fun when I listening kpop. Even if I  want to listen other genre, I prefer korean soul than english lyrics. I listen songs in other languages too, but k-music is like... 80% of music I listen. I think my mind conneted Korean language with all positive emotion I feel thanks to BTS. ";1 -2 years ago;Yes;2;Yes;1;Yes;Consuming kpop reduce my stress and make my more positive and open-minded person. Love myself, love yourself, peace.;Reduced stress, made new friends and give me more experiences (like concert and meeting person from internet at real live).;Yes;15 - 20 years;B;Other European countries;Female
2019/02/23 4:50:53 AM GMT+5:30;BTS;EXO;Yes;Its different from the usual music. I like something new for a change;3-4 years ago;I listen to both;5;Yes;1;Yes;Made me closer to friends;Made friends who are like-minded;Yes;21 - 26 years;C;USA;Female
2019/02/23 4:52:22 AM GMT+5:30;BTS;MONSTA X;Its gaining popularity;Its different from the usual music. I like something new for a change;1 -2 years ago;Yes;4;Yes;1;No;Led to you being cajoled (made fun of) by classmates and family;Expanded my idea of what good music is overall;Yes;21 - 26 years;C;USA;Female
2019/02/23 4:53:41 AM GMT+5:30;BTS;;Yes;"Its different from the usual music. I like something new for a change;The videos are unique;Choreography is unique;The idols are very attractive";3-4 years ago;Its about the music, not the gender;4;Yes;2;Notsure;Led to you being cajoled (made fun of) by classmates and family;Reduced stress/anxiety/depression;I want to, but the K-Pop groups don't come to my city;15 - 20 years;B;USA;Female
2019/02/23 4:56:00 AM GMT+5:30;BTS;;Its gaining popularity;Its different from the usual music. I like something new for a change;1 -2 years ago;Yes;5;Yes;1;Yes;Reduced your time to socialise with your friends/partners/family;Reduced stress/anxiety/depression;I want to, but the K-Pop groups don't come to my city;15 - 20 years;B;Other European countries;Female
2019/02/23 4:56:02 AM GMT+5:30;Stray Kids;;Yes;"Its different from the usual music. I like something new for a change;The videos are unique;Choreography is unique";3-4 years ago;Yes;5;Yes;2;Yes;Reduced the number of friends you have;Made friends who are like-minded;I want to, but the K-Pop groups don't come to my city;15 - 20 years;B;USA;Female
2019/02/23 4:59:15 AM GMT+5:30;BTS;;Its gaining popularity;Its different from the usual music. I like something new for a change;1 -2 years ago;I listen to both;5;Yes;1;Yes;Led to you being cajoled (made fun of) by classmates and family;Reduced stress/anxiety/depression;No;15 - 20 years;B;USA;Female
2019/02/23 5:00:45 AM GMT+5:30;BTS;BLACKPINK;Its gaining popularity;"Its different from the usual music. I like something new for a change;Choreography is unique";1 -2 years ago;I listen to both;24;Yes;1;No;Led to you being cajoled (made fun of) by classmates and family;Made friends who are like-minded;Yes;15 - 20 years;B;USA;Female
2019/02/23 5:06:28 AM GMT+5:30;BTS;EXO;Its gaining popularity;"Its different from the usual music. I like something new for a change;The videos are unique;Choreography is unique;The idols are very attractive";3-4 years ago;I listen to both;5;Yes;2;Yes;Reduced the amount of sleep you get;Made friends who are like-minded;Yes;15 - 20 years;B;USA;Female
2019/02/23 5:06:56 AM GMT+5:30;GOT7;;Its gaining popularity;"Its different from the usual music. I like something new for a change;The videos are unique;Choreography is unique;The idols are very attractive";1 -2 years ago;Yes;5;Yes;3;Yes;Reduced the amount of sleep you get;Not only has it relieves stress but Iâ€™ve made a lot more friends and have become more social. I also travel a lot to go to shows so it creates great experiences. It has positively effected my life to learn more about other cultures and people. ;Yes;15 - 20 years;B;USA;Female
2019/02/23 5:07:32 AM GMT+5:30;BTS;;No;Choreography is unique;Less than a year ago;Yes;1;Yes;1;Notsure;Reduced the amount of sleep you get;Reduced stress/anxiety/depression;I want to, but the K-Pop groups don't come to my city;15 - 20 years;B;Other European countries;Female
2019/02/23 5:09:03 AM GMT+5:30;BTS;EXO;Its gaining popularity;"Choreography is unique;The idols are very attractive;I love their music sense and style";More than 4 years ago;I listen to both;5;Yes;4;Yes;BTS has taught me to love myself since i was ostracized when i was in elementary ;Reduced stress/anxiety/depression;I want to, but the K-Pop groups don't come to my city;10 - 14 years;A;Canada;Female
2019/02/23 5:10:29 AM GMT+5:30;BTS;;Its gaining popularity;"Its different from the usual music. I like something new for a change;The videos are unique;Choreography is unique";3-4 years ago;Yes;5;Yes;2;Notsure;Reduced the amount of sleep you get;Reduced stress/anxiety/depression;I want to, but the K-Pop groups don't come to my city;15 - 20 years;B;USA;Female
2019/02/23 5:17:40 AM GMT+5:30;VIXX;;Its gaining popularity;The artist and the music helped me when things got tough.;More than 4 years ago;Its about the music, not the gender;5;Yes;2;Notsure;Not really. Other than my dad poking fun everynow and then.;Made friends who are like-minded;Yes;15 - 20 years;B;USA;Female
2019/02/23 5:17:56 AM GMT+5:30;BTS;;Yes;"Its different from the usual music. I like something new for a change;Choreography is unique";Less than a year ago;Its about the music, not the gender;4;Yes;1;Yes;None of the above;Reduced stress/anxiety/depression;No;27 - 30;D;Other Asian country;Female
2019/02/23 5:21:01 AM GMT+5:30;G idle;;I'm not sure;"The videos are unique;Their voices are unique ";1 -2 years ago;No;5;Yes;2;Yes;Reduced your time to socialise with your friends/partners/family;Made friends who are like-minded;I want to, but the K-Pop groups don't come to my city;15 - 20 years;B;USA;Female
2019/02/23 5:21:48 AM GMT+5:30;BTS;;Yes;"Its different from the usual music. I like something new for a change;The videos are unique;Choreography is unique;The idols are very attractive";3-4 years ago;Yes;4;Yes;2;Yes;Reduced the amount of sleep you get;Reduced stress/anxiety/depression;I want to, but the K-Pop groups don't come to my city;15 - 20 years;B;USA;Female
2019/02/23 5:21:57 AM GMT+5:30;Seventeen ;;Its gaining popularity;All above ;1 -2 years ago;I listen to both;4;Yes;1;No;Reduced the amount of sleep you get;Reduced stress/anxiety/depression;Yes;15 - 20 years;B;USA;Female
2019/02/23 5:22:28 AM GMT+5:30;EXO;MONSTA X;Its gaining popularity;The videos are unique;More than 4 years ago;Its about the music, not the gender;4;Yes;1;No;Reduced the amount of sleep you get;Reduced stress/anxiety/depression;No;15 - 20 years;B;USA;Female
2019/02/23 5:26:26 AM GMT+5:30;BTS;GOT7 ;Yes;"Its different from the usual music. I like something new for a change;The videos are unique;Choreography is unique;The idols are very attractive";3-4 years ago;Yes;4;Yes;2;Yes;Reduced the amount of sleep you get;It makes me super excited to start a new animation project whenever I have an idea.;No;21 - 26 years;C;USA;Female
2019/02/23 5:26:53 AM GMT+5:30;BTS;;No;"Its different from the usual music. I like something new for a change;The videos are unique;Choreography is unique;The idols are very attractive;The lyrics are really meaningful and strong and I love the language";3-4 years ago;Yes;4;Yes;3;Notsure;Not really;Both of the above;I want to, but the K-Pop groups don't come to my city;15 - 20 years;B;Germany;Female
2019/02/23 5:30:02 AM GMT+5:30;BTS;;Its gaining popularity;Its different from the usual music. I like something new for a change;3-4 years ago;Yes;24;Yes;2;No;Led to you being cajoled (made fun of) by classmates and family;Made friends who are like-minded;I want to, but the K-Pop groups don't come to my city;15 - 20 years;B;USA;Female
2019/02/23 5:30:33 AM GMT+5:30;BTS;;Its gaining popularity;Its different from the usual music. I like something new for a change;More than 4 years ago;I listen to both;5;Yes;1;Yes;Reduced your time to socialise with your friends/partners/family;Reduced stress/anxiety/depression;I want to, but the K-Pop groups don't come to my city;15 - 20 years;B;USA;Female
2019/02/23 5:35:26 AM GMT+5:30;BTS;;I'm not sure;"Its different from the usual music. I like something new for a change;The videos are unique;Choreography is unique;The idols are very attractive";More than 4 years ago;I listen to both;4;Yes;1;No;Has not affected my life other than introducing me to some of my closest friends;Reduced stress/anxiety/depression;I want to, but the K-Pop groups don't come to my city;15 - 20 years;B;A country in the UK;Female
2019/02/23 5:38:22 AM GMT+5:30;BTS;;Its gaining popularity;Gives people a chance to experience a whole new life and culture. We all feel like one big family. ;3-4 years ago;I listen to both;5;Yes;1;Notsure;Reduced the number of friends you have;Made friends who are like-minded;Yes;15 - 20 years;B;USA;Female
2019/02/23 5:40:05 AM GMT+5:30;BTS;;Its gaining popularity;Its different from the usual music. I like something new for a change;1 -2 years ago;Yes;4;Yes;1;No;none of the above;Reduced stress/anxiety/depression;I want to, but the K-Pop groups don't come to my city;15 - 20 years;B;A country in the UK;Female
2019/02/23 5:44:20 AM GMT+5:30;BTS;;Its gaining popularity;Its different from the usual music. I like something new for a change;3-4 years ago;Yes;4;Yes;2;Notsure;Led to you being cajoled (made fun of) by classmates and family;Reduced stress/anxiety/depression;I want to, but the K-Pop groups don't come to my city;27 - 30;D;Latin America;Female
2019/02/23 5:44:24 AM GMT+5:30;BTS;;Its gaining popularity;I'm currently studying Korean, and its a nice study tool.;1 -2 years ago;Yes;4;No;;No;It has not negatively affected my quality of life;All of the above;I want to, but the K-Pop groups don't come to my city;21 - 26 years;C;USA;Transgender
2019/02/23 5:48:13 AM GMT+5:30;BTS;;I'm not sure;Its different from the usual music. I like something new for a change;3-4 years ago;Its about the music, not the gender;4;Yes;2;No;Reduced the amount of sleep you get;Reduced stress/anxiety/depression;I want to, but the K-Pop groups don't come to my city;15 - 20 years;B;A country in the UK;Female
2019/02/23 5:59:20 AM GMT+5:30;BTS;;Yes;Its different from the usual music. I like something new for a change;1 -2 years ago;I listen to both;5;Yes;1;Yes;Reduced the amount of sleep you get;Reduced stress/anxiety/depression;I want to, but the K-Pop groups don't come to my city;15 - 20 years;B;USA;Male
2019/02/23 6:01:18 AM GMT+5:30;BTS;;Its gaining popularity;"The videos are unique;Choreography is unique;I like BTSâ€™ sound, lyrics and artistry";3-4 years ago;Its about the music, not the gender;1;Yes;1;Notsure;Led to you being cajoled (made fun of) by classmates and family;Reduced stress/anxiety/depression;I want to, but the K-Pop groups don't come to my city;21 - 26 years;C;France;Male
2019/02/23 6:05:29 AM GMT+5:30;BTS;;Yes;Its different from the usual music. I like something new for a change;More than 4 years ago;Its about the music, not the gender;5;Yes;1;No;Led to you being cajoled (made fun of) by classmates and family;Reduced stress/anxiety/depression;Yes;15 - 20 years;B;USA;Female
2019/02/23 6:06:27 AM GMT+5:30;INFINITE;;Its gaining popularity;"Its different from the usual music. I like something new for a change;The videos are unique;Choreography is unique;The idols are very attractive;Their interactions with fans and each other seems more genuine ";More than 4 years ago;Yes;5;Yes;1;Yes;Reduced the amount of sleep you get;Reduced stress/anxiety/depression;I want to, but the K-Pop groups don't come to my city;21 - 26 years;C;Canada;Female
2019/02/23 6:13:27 AM GMT+5:30;BLACKPINK;;Its gaining popularity;Its different from the usual music. I like something new for a change;1 -2 years ago;No;4;Yes;2;Yes;Reduced the amount of sleep you get;Reduced stress/anxiety/depression;Yes;10 - 14 years;A;USA;Female
2019/02/23 6:15:16 AM GMT+5:30;Got7;;Its gaining popularity;Choreography is unique;1 -2 years ago;I listen to both;5;Yes;2;No;Hasnâ€™t affected me negatively ;Made friends who are like-minded;No;21 - 26 years;C;USA;Female
2019/02/23 6:15:56 AM GMT+5:30;BTS;;Its gaining popularity;"Its different from the usual music. I like something new for a change;The videos are unique;Choreography is unique;The idols are very attractive";More than 4 years ago;Yes;4;Yes;1;No;No affect.;Made friends who are like-minded;Yes;21 - 26 years;C;USA;Female
2019/02/23 6:23:43 AM GMT+5:30;BTS;;Yes;"Its different from the usual music. I like something new for a change;The videos are unique;Choreography is unique;The idols are very attractive";3-4 years ago;Yes;5;Yes;1;No;Reduced the amount of sleep you get;Made friends who are like-minded;Yes;21 - 26 years;C;Other Asian country;Female
2019/02/23 6:25:44 AM GMT+5:30;BTS;MONSTA X;Yes;"Its different from the usual music. I like something new for a change;Asian culture represent";3-4 years ago;I listen to both;5;Yes;1;Yes;Kpop has led me through difficult times honestly with just having music as a way to relive stress and being able to relate and understand the meaning of songs.;Everything about it is positive for me, except people being disrespectful to me for my liking, or the threatening of my wallet.;Yes;10 - 14 years;A;CANNNAADAAAA BOIIIIIIS;Female
2019/02/23 6:27:03 AM GMT+5:30;BTS;;Its gaining popularity;I find k-pop idols to have relate-able personalities and seem to really care about their fans.;3-4 years ago;I listen to both;4;Yes;2;No;Led to you being cajoled (made fun of) by classmates and family;Reduced stress/anxiety/depression;I want to, but the K-Pop groups don't come to my city;15 - 20 years;B;USA;Female
2019/02/23 6:27:46 AM GMT+5:30;BTS;;Its gaining popularity;"Its different from the usual music. I like something new for a change;The videos are unique;Choreography is unique;The idols are very attractive";3-4 years ago;Yes;4;Yes;1;Yes;Reduced your time to socialise with your friends/partners/family;Reduced stress/anxiety/depression;Yes;15 - 20 years;B;A country in the UK;Female
2019/02/23 6:30:37 AM GMT+5:30;BLACKPINK;;Its gaining popularity;The idols are very attractive;3-4 years ago;Its about the music, not the gender;1;Yes;1;No;Reduced your time to socialise with your friends/partners/family;No;Yes;21 - 26 years;C;USA;Transgender
2019/02/23 6:34:23 AM GMT+5:30;BTS;NCT;Yes;Its different from the usual music. I like something new for a change;3-4 years ago;Yes;4;Yes;2;No;Reduced the amount of sleep you get;Made friends who are like-minded;Yes;15 - 20 years;B;USA;Female
2019/02/23 6:38:54 AM GMT+5:30;MONSTA X;;Its gaining popularity;I grew up with it, took a break then Monsta X pulled me back in ;More than 4 years ago;Yes;24;Yes;2;Notsure; reduced amount of sleep, as well, got made fun of ; I don't know ;Yes;15 - 20 years;B; Canada ;Female
2019/02/23 6:46:58 AM GMT+5:30;Twice;;Yes;Its different from the usual music. I like something new for a change;More than 4 years ago;I listen to both;4;Yes;1;No;Led to you being cajoled (made fun of) by classmates and family;Made friends who are like-minded;No;15 - 20 years;B;USA;Female
2019/02/23 6:48:41 AM GMT+5:30;BTS;;Its gaining popularity;All of the above and more!!;3-4 years ago;Yes;5;Yes;2;Yes;Led to you being cajoled (made fun of) by classmates and family;Both ;I want to, but the K-Pop groups don't come to my city;21 - 26 years;C;USA;Female
2019/02/23 6:59:26 AM GMT+5:30;Seventeen;;Its gaining popularity;"Its different from the usual music. I like something new for a change;The videos are unique;Choreography is unique";1 -2 years ago;Its about the music, not the gender;4;Yes;1;Notsure;Reduced the amount of sleep you get;Made friends who are like-minded;I want to, but the K-Pop groups don't come to my city;10 - 14 years;A;USA;Female
2019/02/23 7:08:03 AM GMT+5:30;Ikon;;Its gaining popularity;The videos are unique;3-4 years ago;I listen to both;5;Yes;1;Yes;Reduced the number of friends you have;Reduced stress/anxiety/depression;I want to, but the K-Pop groups don't come to my city;21 - 26 years;C;USA;Female
2019/02/23 7:08:47 AM GMT+5:30;BTS;EXO;Its gaining popularity;"Its different from the usual music. I like something new for a change;The videos are unique;Choreography is unique;The idols are very attractive;Personality, creativity, freedom";3-4 years ago;Yes;5;Yes;4;Notsure;Helped me to makw new friends and try new things;Made friends who are like-minded;Yes;21 - 26 years;C;USA;Female
2019/02/23 7:10:34 AM GMT+5:30;BTS;;Its gaining popularity;"Its different from the usual music. I like something new for a change;The videos are unique;Choreography is unique;The idols are very attractive";3-4 years ago;Yes;5;Yes;2;Notsure;Reduced the amount of sleep you get;Reduced stress/anxiety/depression;No;15 - 20 years;B;USA;Female
2019/02/23 7:12:44 AM GMT+5:30;BTS;;Its gaining popularity;Its different from the usual music. I like something new for a change;3-4 years ago;Its about the music, not the gender;4;Yes;2;No;Led to you being cajoled (made fun of) by classmates and family;Made friends who are like-minded;I want to, but the K-Pop groups don't come to my city;10 - 14 years;A;USA;Female
2019/02/23 7:18:34 AM GMT+5:30;BTS;EXO;I'm not sure;"Its different from the usual music. I like something new for a change;The videos are unique;Choreography is unique";1 -2 years ago;I listen to both;4;Yes;1;Notsure;Not really;Reduced stress/anxiety/depression;I want to, but the K-Pop groups don't come to my city;15 - 20 years;B;A country from the Caribbean ;Female
2019/02/23 7:18:45 AM GMT+5:30;BTS;;I'm not sure;Its different from the usual music. I like something new for a change;1 -2 years ago;Yes;4;Yes;2;Yes;Reduced your time to socialise with your friends/partners/family;Reduced stress/anxiety/depression;No;15 - 20 years;B;USA;Female
2019/02/23 7:23:15 AM GMT+5:30;Brown Eyed Girls;;Its gaining popularity;"Its different from the usual music. I like something new for a change;The videos are unique;Choreography is unique;The idols are very attractive;Releases more music projects/albums often compared to western artists, plus you dont see many groups in the states let alone groups who have rappers intergrated into the group so they dont need a feature like here in america";9 years, since 2010;No;4;Yes;1;No;Not consumed, some people dont have lives out kpop and it shows, i treat this genre of music like most do with entertainment and just absorb it in my free time here and there;Not really, i mean i made a friend that likes the same group as me so thats nice;No;21 - 26 years;C;USA;Male
2019/02/23 7:31:19 AM GMT+5:30;BTS;EXO;Its gaining popularity;"Its different from the usual music. I like something new for a change;The videos are unique;Choreography is unique;The idols are very attractive";1 -2 years ago;Yes;5;Yes;2;Yes;Led to you being cajoled (made fun of) by classmates and family;Reduced stress/anxiety/depression;Yes;15 - 20 years;B;USA;Female
2019/02/23 7:34:38 AM GMT+5:30;EXO;;I'm not sure;Its different from the usual music. I like something new for a change;3-4 years ago;I listen to both;4;Yes;3;Notsure;Led to you being cajoled (made fun of) by classmates and family;Reduced stress/anxiety/depression;I want to, but the K-Pop groups don't come to my city;15 - 20 years;B;New Zealand;Female
2019/02/23 7:44:02 AM GMT+5:30;GOT7;;Its gaining popularity;Its different from the usual music. I like something new for a change;1 -2 years ago;Its about the music, not the gender;1;Yes;1;Notsure;Led to you being cajoled (made fun of) by classmates and family;Made friends who are like-minded;Yes;15 - 20 years;B;USA;Female
2019/02/23 7:44:04 AM GMT+5:30;BTS;;Its gaining popularity;I prefer it over other music considering itâ€™s uniqueness but also all of the above;1 -2 years ago;Its about the music, not the gender;4;Yes;1;Notsure;Reduced the amount of sleep you get;Reduced stress/anxiety/depression;No;15 - 20 years;B;USA;Female
2019/02/23 7:51:11 AM GMT+5:30;BTS;EXO;Yes;"Its different from the usual music. I like something new for a change;Choreography is unique;They just make my days so much more happier and teaches me so much about life whether if itâ€™s through their music or through their own personal experiences.";More than 4 years ago;Its about the music, not the gender;4;Yes;4;Yes;Reduced the amount of sleep you get;Reduced stress/anxiety/depression;Yes;10 - 14 years;A;USA;Female
2019/02/23 7:52:33 AM GMT+5:30;BTS;EXO;Its gaining popularity;"Its different from the usual music. I like something new for a change;The videos are unique;Choreography is unique;The idols are very attractive";More than 4 years ago;I listen to both;24;Yes;2;Yes;Led to you being cajoled (made fun of) by classmates and family;Reduced stress/anxiety/depression;Yes;15 - 20 years;B;Canada;Female
2019/02/23 7:59:53 AM GMT+5:30;BLACKPINK;;Its gaining popularity;Its different from the usual music. I like something new for a change;3-4 years ago;I listen to both;4;Yes;1;No;Reduced the amount of sleep you get;Reduced stress/anxiety/depression;I want to, but the K-Pop groups don't come to my city;15 - 20 years;B;USA;Female
2019/02/23 8:11:56 AM GMT+5:30;BTS;;Its gaining popularity;Its different from the usual music. I like something new for a change;3-4 years ago;I listen to both;4;Yes;1;Notsure;Reduced the amount of sleep you get;Reduced stress/anxiety/depression;I want to, but the K-Pop groups don't come to my city;15 - 20 years;B;Canada;Female
2019/02/23 8:23:22 AM GMT+5:30;BTS;EXO;Yes;"Its different from the usual music. I like something new for a change;The videos are unique;Choreography is unique;The idols are very attractive";1 -2 years ago;Yes;4;Yes;1;Yes;No;Made friends who are like-minded;I want to, but the K-Pop groups don't come to my city;15 - 20 years;B;USA;Female
2019/02/23 8:28:20 AM GMT+5:30;Seventeen;Stray Kids;Its gaining popularity;"Its different from the usual music. I like something new for a change;The videos are unique;Choreography is unique";3-4 years ago;I listen to both;5;Yes;1;Yes;I really dont see kpop affecting me, if anything, i got happier with the friends i met through it;Made friends who are like-minded;I want to, but the K-Pop groups don't come to my city;15 - 20 years;B;USA;Female
2019/02/23 8:30:40 AM GMT+5:30;BTS;;Yes;Its different from the usual music. I like something new for a change;1 -2 years ago;I listen to both;4;Yes;1;Yes;Reduced the amount of sleep you get;Reduced stress/anxiety/depression;I want to, but the K-Pop groups don't come to my city;15 - 20 years;B;USA;Female
2019/02/23 8:35:55 AM GMT+5:30;BTS;EXO;Its gaining popularity;"Its different from the usual music. I like something new for a change;The videos are unique;Choreography is unique";More than 4 years ago;Yes;12;Yes;1;Notsure;Reduced the amount of sleep you get;Reduced stress/anxiety/depression;I want to, but the K-Pop groups don't come to my city;15 - 20 years;B;USA;Transgender
2019/02/23 8:53:12 AM GMT+5:30;BTS;EXO;Its gaining popularity;Its different from the usual music. I like something new for a change;3-4 years ago;I listen to both;5;Yes;1;Yes;Led to you being cajoled (made fun of) by classmates and family;Reduced stress/anxiety/depression;Yes;15 - 20 years;B;USA;Female
2019/02/23 8:57:45 AM GMT+5:30;BTS;EXO;Its gaining popularity;"Its different from the usual music. I like something new for a change;The videos are unique;Choreography is unique;The idols are very attractive";More than 4 years ago;I listen to both;5;Yes;2;Yes;Reduced the amount of sleep you get;Both;I want to, but the K-Pop groups don't come to my city;15 - 20 years;B;USA;Male
2019/02/23 9:08:35 AM GMT+5:30;Seventeen;;Its gaining popularity;Choreography is unique;1 -2 years ago;Yes;5;Yes;1;Notsure;Led to you being cajoled (made fun of) by classmates and family;Made friends who are like-minded;Yes;15 - 20 years;B;Latin America;Female
2019/02/23 9:12:31 AM GMT+5:30;BTS;EXO;Yes;"Its different from the usual music. I like something new for a change;The videos are unique;Choreography is unique;The idols are very attractive";3-4 years ago;Yes;4;Yes;1;No;None;Reduced stress/anxiety/depression;No;15 - 20 years;B;USA;Female
2019/02/23 9:19:01 AM GMT+5:30;BTS;;Its gaining popularity;Its different from the usual music. I like something new for a change;1 -2 years ago;I listen to both;4;Yes;1;Yes;Reduced the amount of sleep you get;Reduced stress/anxiety/depression;Yes;15 - 20 years;B;Canada ;Female
2019/02/23 9:23:27 AM GMT+5:30;BTS;;Its gaining popularity;Its different from the usual music. I like something new for a change;Less than a year ago;Yes;24;Yes;2;Yes;Led to you being cajoled (made fun of) by classmates and family;Made friends who are like-minded;I want to, but the K-Pop groups don't come to my city;10 - 14 years;A;New Zealand;Female
2019/02/23 9:24:37 AM GMT+5:30;BTS;;Yes;Its different from the usual music. I like something new for a change;1 -2 years ago;I listen to both;5;Yes;2;Notsure;None;Made friends who are like-minded;No;15 - 20 years;B;A country in the UK;Female
2019/02/23 9:25:25 AM GMT+5:30;MONSTA X;NCT;Its gaining popularity;"Its different from the usual music. I like something new for a change;The videos are unique;Choreography is unique;The idols are very attractive";1 -2 years ago;I listen to both;5;Yes;1;Yes;None of the above ;Reduced stress/anxiety/depression;I want to, but the K-Pop groups don't come to my city;10 - 14 years;A;USA;Female
2019/02/23 9:25:53 AM GMT+5:30;Got7;;Its gaining popularity;Its different from the usual music. I like something new for a change;3-4 years ago;I listen to both;5;Yes;3;Notsure;Led to you being cajoled (made fun of) by classmates and family;Reduced stress/anxiety/depression;I want to, but the K-Pop groups don't come to my city;15 - 20 years;B;USA;Female
2019/02/23 9:40:01 AM GMT+5:30;NCT;;Its gaining popularity;I like that the personalities are a lot more friendly than in the Western Market and the variety shows;3-4 years ago;Yes;4;Yes;1;Yes;Increased number of friends ;Made friends who are like-minded;Yes;15 - 20 years;B;USA;Female
2019/02/23 9:48:18 AM GMT+5:30;BTS;EXO;Its gaining popularity;"Choreography is unique;Itâ€™s not just because of how handsome/beautiful, they are itâ€™s about how the love to connect with their fans through their music. Which makes me happy about that and they always try to make time for their fans. Any girl/boy groups would do this.";About 6 years ago, I got introduced to 2ne1 which was their song called â€œI am the bestâ€. So sad they disbanded;I listen to both;12;Yes;3;Yes;No, because it hasnâ€™t affected my life.Cause I still do thing that I love even if I wasnâ€™t into Kpop.;Reduced stress/anxiety/depression;No;15 - 20 years;B;USA;Female
2019/02/23 10:02:33 AM GMT+5:30;ASTRO;;Its gaining popularity;Its different from the usual music. I like something new for a change;1 -2 years ago;I listen to both;5;Yes;4;Yes;Led to you being cajoled (made fun of) by classmates and family;Reduced stress/anxiety/depression;I want to, but the K-Pop groups don't come to my city;15 - 20 years;B;USA;Female
2019/02/23 10:08:45 AM GMT+5:30;BTS;;Its gaining popularity;Its different from the usual music. I like something new for a change;1 -2 years ago;I listen to both;5;Yes;3;Yes;Reduced the amount of sleep you get;Reduced stress/anxiety/depression;I want to, but the K-Pop groups don't come to my city;15 - 20 years;B;canada;Female
2019/02/23 10:21:23 AM GMT+5:30;NCT;;No;Its different from the usual music. I like something new for a change;More than 4 years ago;Its about the music, not the gender;5;Yes;3;Yes;Led to you being cajoled (made fun of) by classmates and family;Reduced stress/anxiety/depression;I want to, but the K-Pop groups don't come to my city;15 - 20 years;B;South Africa ;Female
2019/02/23 10:28:02 AM GMT+5:30;ASTRO;;I'm not sure;Choreography is unique;1 -2 years ago;Its about the music, not the gender;5;Yes;2;Yes;Reduced the amount of sleep you get;Reduced stress/anxiety/depression;I want to, but the K-Pop groups don't come to my city;21 - 26 years;C;Latin America;Female
2019/02/23 10:31:57 AM GMT+5:30;Seventeen; Twice;Its gaining popularity;"Its different from the usual music. I like something new for a change;The videos are unique;Choreography is unique";3-4 years ago;I listen to both;1;Yes;2;Notsure;Reduced the amount of sleep you get;Both;Yes;21 - 26 years;C;USA;Female
2019/02/23 10:32:41 AM GMT+5:30;BTS;;Its gaining popularity;Its different from the usual music. I like something new for a change;More than 4 years ago;I listen to both;4;Yes;1;No;No? Itâ€™s just music;Being exposed to different styles of music;I want to, but the K-Pop groups don't come to my city;15 - 20 years;B;Canada;Female
2019/02/23 10:45:01 AM GMT+5:30;EXO;;Its gaining popularity;Its different from the usual music. I like something new for a change;More than 4 years ago;I listen to both;5;Yes;2;Yes;Reduced the amount of sleep you get;Reduced stress/anxiety/depression;I want to, but the K-Pop groups don't come to my city;15 - 20 years;B;USA;Female
2019/02/23 11:04:05 AM GMT+5:30;BTS;;No;Its different from the usual music. I like something new for a change;1 -2 years ago;Yes;4;Yes;2;No;Reduced the time spend to watch other tvshows ,movies ...;Reduced stress/anxiety/depression;Yes;21 - 26 years;C;France;Female
2019/02/23 11:12:50 AM GMT+5:30;BTS;EXO;Yes;The genre it self really attracted me from everything to the people to the songs so many different messages and song are portrayed and they are meaningful ;3-4 years ago;I listen to both;24;Yes;1;Yes;Itâ€™s the only music of genre I listen to and I Stan lots of group I have to on top on what the lastest thing is but I still continue with my life ;Kpop made me and overall better person to love myself and donâ€™t give a crap about haters (sorry about my French);No;10 - 14 years;A;USA;Female
2019/02/23 11:25:17 AM GMT+5:30;BTS;EXO;Yes;"Its different from the usual music. I like something new for a change;The videos are unique;Choreography is unique";More than 4 years ago;I listen to both;5;Yes;1;Yes;K-pop has not affected my personal life.;Reduced stress/anxiety/depression;I want to, but the K-Pop groups don't come to my city;15 - 20 years;B;USA;Female
2019/02/23 11:41:55 AM GMT+5:30;BTS;EXO;Its gaining popularity;The overall performance and work ethic of idols;1 -2 years ago;I listen to both;5;Yes;2;Yes;Led to you being cajoled (made fun of) by classmates and family;KPop groups have helped me overcome some of the hardest times of my life. It is my strength when I am weak. I feel it is there to comfort me when I feel sad.;I want to, but the K-Pop groups don't come to my city;15 - 20 years;B;USA;Female
2019/02/23 11:48:59 AM GMT+5:30;ATEEZ;;Yes;All of the above;More than 4 years ago;Its about the music, not the gender;5;Yes;2;No;Reduced the amount of sleep you get;Made friends who are like-minded;I want to, but the K-Pop groups don't come to my city;15 - 20 years;B;USA;Female
2019/02/23 12:12:50 PM GMT+5:30;BTS;;Yes;"The videos are unique;Choreography is unique";3-4 years ago;I listen to both;4;Yes;2;Yes;Reduced the number of friends you have;Reduced stress/anxiety/depression;No;15 - 20 years;B;USA;Female
2019/02/23 12:42:33 PM GMT+5:30;BTS;;Its gaining popularity;Its different from the usual music. I like something new for a change;More than 4 years ago;I listen to both;4;Yes;1;Notsure;Reduced your time to socialise with your friends/partners/family;Made friends who are like-minded;No;15 - 20 years;B;A country in the UK;Female
2019/02/23 1:10:07 PM GMT+5:30;Stray kids;;I'm not sure;Its different from the usual music. I like something new for a change;1 -2 years ago;I listen to both;4;Yes;1;No;Led to you being cajoled (made fun of) by classmates and family;Made friends who are like-minded;I want to, but the K-Pop groups don't come to my city;15 - 20 years;B;Germany;Female
2019/02/23 1:37:01 PM GMT+5:30;MONSTA X;;Its gaining popularity;Its different from the usual music. I like something new for a change;3-4 years ago;Its about the music, not the gender;4;Yes;1;No;Led to you being cajoled (made fun of) by classmates and family;Made friends who are like-minded;Yes;21 - 26 years;C;Other European countries;Female
2019/02/23 1:57:35 PM GMT+5:30;BLACKPINK;MONSTA X;Yes;Choreography is unique;More than 4 years ago;I listen to both;4;Yes;2;No;none of the above;Made friends who are like-minded;No;15 - 20 years;B;Other Asian country;Female
2019/02/23 2:01:02 PM GMT+5:30;EXO;;Yes;Its different from the usual music. I like something new for a change;3-4 years ago;Its about the music, not the gender;5;Yes;2;Yes;no it doesn't;Reduced stress/anxiety/depression;I want to, but the K-Pop groups don't come to my city;15 - 20 years;B;Germany;Female
2019/02/23 2:18:03 PM GMT+5:30;BTS;;Its gaining popularity;"Its different from the usual music. I like something new for a change;The videos are unique;Choreography is unique";1 -2 years ago;Its about the music, not the gender;5;Yes;3;Notsure;Led to you being cajoled (made fun of) by classmates and family;Reduced stress/anxiety/depression;Yes;15 - 20 years;B;A country in the UK;Female
2019/02/23 2:18:17 PM GMT+5:30;Multiple ;;Its gaining popularity;Its different from the usual music. I like something new for a change;More than 4 years ago;I listen to both;5;Yes;4;Notsure;Led to you being cajoled (made fun of) by classmates and family;Reduced stress/anxiety/depression;Yes;10 - 14 years;A;A country in the UK;Female
2019/02/23 2:50:22 PM GMT+5:30;BTS;;Its gaining popularity;Its different from the usual music. I like something new for a change;3-4 years ago;I listen to both;5;Yes;2;Notsure;No;Made friends who are like-minded;No;15 - 20 years;B;Other European countries;Female
2019/02/23 2:50:33 PM GMT+5:30;BTS;EXO;Its gaining popularity;"Its different from the usual music. I like something new for a change;The videos are unique;Choreography is unique;The idols are very attractive";1 -2 years ago;Yes;5;Yes;4;Yes;Led to you being cajoled (made fun of) by classmates and family;Made friends who are like-minded;I want to, but the K-Pop groups don't come to my city;15 - 20 years;B;USA;Female
2019/02/23 2:54:26 PM GMT+5:30;BTS;;Yes;"Its different from the usual music. I like something new for a change;Choreography is unique";3-4 years ago;No;1;Yes;1;No;No;Being inspired by the lyrics/ messages ;No;15 - 20 years;B;Other Asian country;Female
2019/02/23 3:44:19 PM GMT+5:30;BTS;BLACKPINK;No;"Its different from the usual music. I like something new for a change;The videos are unique;Choreography is unique;The idols are very attractive";More than 4 years ago;I listen to both;4;Yes;2;Yes;Led to you being cajoled (made fun of) by classmates and family;Reduced stress/anxiety/depression;I want to, but the K-Pop groups don't come to my city;15 - 20 years;B;Australia ;Female
2019/02/23 4:19:14 PM GMT+5:30;BTS;;Yes;Its different from the usual music. I like something new for a change;1 -2 years ago;Its about the music, not the gender;4;Yes;4;Yes;Led to you being cajoled (made fun of) by classmates and family;Reduced stress/anxiety/depression;I want to, but the K-Pop groups don't come to my city;10 - 14 years;A;USA;Female
2019/02/23 5:34:15 PM GMT+5:30;BTS;;Its gaining popularity;Its different from the usual music. I like something new for a change;1 -2 years ago;Yes;5;Yes;1;Yes;Reduced the amount of sleep you get;Reduced stress/anxiety/depression;I want to, but the K-Pop groups don't come to my city;15 - 20 years;B;Australia;Female
2019/02/23 6:06:13 PM GMT+5:30;BTS;;No;Its different from the usual music. I like something new for a change;1 -2 years ago;I listen to both;4;Yes;3;Notsure;Reduced the amount of sleep you get;Reduced stress/anxiety/depression;I want to, but the K-Pop groups don't come to my city;15 - 20 years;B;Other European countries;Female
2019/02/23 6:07:12 PM GMT+5:30;BTS;;Yes;The music is very attractive to listen to and they hit on personal issues people go through;More than 4 years ago;Its about the music, not the gender;4;Yes;1;No;Led to you being cajoled (made fun of) by classmates and family;Made friends who are like-minded;No;15 - 20 years;B;A country in the UK;Female
2019/02/23 6:33:12 PM GMT+5:30;BTS;The black skirts ;Its gaining popularity;Its different from the usual music. I like something new for a change;3-4 years ago;I listen to both;4;Yes;1;No;Led to you being cajoled (made fun of) by classmates and family;Reduced stress/anxiety/depression;I want to, but the K-Pop groups don't come to my city;15 - 20 years;B;A country in the UK;Female
2019/02/23 6:46:51 PM GMT+5:30;BTS;;Its gaining popularity;Its different from the usual music. I like something new for a change;More than 4 years ago;I listen to both;4;Yes;2;Notsure;Led to you being cajoled (made fun of) by classmates and family;Made friends who are like-minded;I want to, but the K-Pop groups don't come to my city;15 - 20 years;B;USA;Female
2019/02/23 7:08:00 PM GMT+5:30;BTS;EXO;Its gaining popularity;"Its different from the usual music. I like something new for a change;The videos are unique;Choreography is unique;The idols are very attractive";More than 4 years ago;I listen to both;5;Yes;4;Yes;Led to you being cajoled (made fun of) by classmates and family;Reduced stress/anxiety/depression;I want to, but the K-Pop groups don't come to my city;15 - 20 years;B;USA;Female
2019/02/23 7:11:42 PM GMT+5:30;MONSTA X;;Its gaining popularity;"Its different from the usual music. I like something new for a change;The videos are unique;Choreography is unique";3-4 years ago;I listen to both;4;Yes;1;Notsure;Reduced the amount of sleep you get;Reduced stress/anxiety/depression;No;15 - 20 years;B;A country in the UK;Female
2019/02/23 7:16:44 PM GMT+5:30;BTS;;Its gaining popularity;Its different from the usual music. I like something new for a change;3-4 years ago;Its about the music, not the gender;4;Yes;1;Notsure;Reduced the amount of sleep you get;Reduced stress/anxiety/depression;I want to, but the K-Pop groups don't come to my city;10 - 14 years;A;USA;Female
2019/02/23 7:39:00 PM GMT+5:30;BTS;EXO;Its gaining popularity;"Its different from the usual music. I like something new for a change;The videos are unique;Choreography is unique;The idols are very attractive";1 -2 years ago;I listen to both;4;Yes;1;Yes;Reduced the amount of sleep you get;Reduced stress/anxiety/depression;I want to, but the K-Pop groups don't come to my city;15 - 20 years;B;USA;Female
2019/02/23 7:39:50 PM GMT+5:30;BTS;;Its gaining popularity;Its different from the usual music. I like something new for a change;1 -2 years ago;I listen to both;4;Yes;;No;Led to you being cajoled (made fun of) by classmates and family;Idk if what I'm about to say makes much sense. But, for example, BTS helped me understand that I have to love myself. CLC teaches me, through their music, that it's ok to be different, that the standards that our society create should never be our measuring cup. (I'm sorry if my english is not so correct);I want to, but the K-Pop groups don't come to my city;15 - 20 years;B;Other European countries;Female
2019/02/23 7:47:50 PM GMT+5:30;Stray Kids;;Its gaining popularity;"The videos are unique;Choreography is unique;The lyrics are usually more uplifting and meaningful.";More than 4 years ago;I listen to both;1;Yes;1;Notsure;Reduced the amount of sleep you get;Reduced stress/anxiety/depression;Yes;15 - 20 years;B;USA;Female
2019/02/23 7:55:05 PM GMT+5:30;BTS;EXO;I'm not sure;"Its different from the usual music. I like something new for a change;The videos are unique;Choreography is unique";3-4 years ago;Its about the music, not the gender;5;Yes;2;Yes;Led to you being cajoled (made fun of) by classmates and family;Reduced stress/anxiety/depression;I want to, but the K-Pop groups don't come to my city;15 - 20 years;B;Germany;Female
2019/02/23 7:59:28 PM GMT+5:30;BTS;;I'm not sure;The idols are very attractive;1 -2 years ago;Its about the music, not the gender;4;Yes;2;Yes; Nothings changed with my lifestyle ;Reduced stress/anxiety/depression;I want to, but the K-Pop groups don't come to my city;10 - 14 years;A;A country in the UK;Female
2019/02/23 8:03:25 PM GMT+5:30;BTS;MONSTA X;Its gaining popularity;"Its different from the usual music. I like something new for a change;The videos are unique;Choreography is unique;It is an introductory gateway to understand a bit of their culture. In it could be references the artists made in their songs or specific interactions on variety shows. I come to realize that Korean culture and Latino culture have the same values, but have different forms of respect. ";3-4 years ago;Yes;4;Yes;1;Yes;Led to you being cajoled (made fun of) by classmates and family;Reduced stress/anxiety/depression;I want to, but the K-Pop groups don't come to my city;15 - 20 years;B;USA;Female
2019/02/23 8:40:37 PM GMT+5:30;BTS;;Its gaining popularity;The idols are very attractive;3-4 years ago;Its about the music, not the gender;5;Yes;3;Yes;Led to you being cajoled (made fun of) by classmates and family;Reduced stress/anxiety/depression;I want to, but the K-Pop groups don't come to my city;10 - 14 years;A;Other Asian country;Female
2019/02/23 9:12:14 PM GMT+5:30;BTS;;I'm not sure;"Its different from the usual music. I like something new for a change;The videos are unique;Choreography is unique;The idols are very attractive";3-4 years ago;Its about the music, not the gender;4;Yes;1;No;Reduced the amount of sleep you get;Reduced stress/anxiety/depression;I want to, but the K-Pop groups don't come to my city;15 - 20 years;B;Other European countries;Female
2019/02/23 9:25:44 PM GMT+5:30;BTS;;Its gaining popularity;Part of my childhood;More than 4 years ago;Its about the music, not the gender;5;Yes;2;Yes;Made more friends because we like kpop;Reduced stress/anxiety/depression;I want to, but the K-Pop groups don't come to my city;15 - 20 years;B;A country in the UK;Female
2019/02/23 9:37:44 PM GMT+5:30;BTS;Seventeen;Yes;"Its different from the usual music. I like something new for a change;The videos are unique;Choreography is unique";More than 4 years ago;I listen to both;5;Yes;1;No;Reduced the amount of sleep you get;Both answers above;I want to, but the K-Pop groups don't come to my city;15 - 20 years;B;USA;Female
2019/02/23 9:40:42 PM GMT+5:30;Stray Kids;;Its gaining popularity;"Its different from the usual music. I like something new for a change;Something that makes me happy";Started in 2006;I listen to both;5;Yes;2;Notsure;Led to you being cajoled (made fun of) by classmates and family;Reduced stress/anxiety/depression;I want to, but the K-Pop groups don't come to my city;15 - 20 years;B;USA;Female
2019/02/23 9:51:16 PM GMT+5:30;BTS;;Its gaining popularity;Choreography is unique;More than 4 years ago;I listen to both;4;Yes;1;No;Reduced the amount of sleep you get;Reduced stress/anxiety/depression;No;21 - 26 years;C;USA;Female
2019/02/23 11:17:05 PM GMT+5:30;BTS;;Yes;I just like music ;1 -2 years ago;Yes;1;Yes;1;Notsure;Reduced the amount of sleep you get;Made friends who are like-minded;I want to, but the K-Pop groups don't come to my city;15 - 20 years;B;USA;Female
2019/02/23 11:30:21 PM GMT+5:30;BTS;BLACKPINK;Its gaining popularity;"Its different from the usual music. I like something new for a change;The videos are unique;Choreography is unique;The idols are very attractive";3-4 years ago;I listen to both;4;Yes;2;No;Reduced the amount of sleep you get;Made friends who are like-minded;I want to, but the K-Pop groups don't come to my city;15 - 20 years;B;Latin America;Female
2019/02/24 12:39:54 AM GMT+5:30;BLACKPINK;;Yes;Its different from the usual music. I like something new for a change;More than 4 years ago;I listen to both;4;No;;Notsure;None of the above;Both;I want to, but the K-Pop groups don't come to my city;10 - 14 years;A;USA;Female
2019/02/24 1:01:16 AM GMT+5:30;Stray Kids ;;Its gaining popularity;"Its different from the usual music. I like something new for a change;The videos are unique;Choreography is unique;The idols are very attractive";3-4 years ago;I listen to both;4;Yes;1;Yes;Led to you being cajoled (made fun of) by classmates and family;Reduced stress/anxiety/depression;I want to, but the K-Pop groups don't come to my city;15 - 20 years;B;USA;Female
2019/02/24 1:18:41 AM GMT+5:30;BTS;;Its gaining popularity;Its different from the usual music. I like something new for a change;1 -2 years ago;I listen to both;5;Yes;4;Yes;Led to you being cajoled (made fun of) by classmates and family;Reduced stress/anxiety/depression;Yes;10 - 14 years;A;USA;Female
2019/02/24 1:54:49 AM GMT+5:30;BTS;;Yes;"Its different from the usual music. I like something new for a change;The idols are very attractive";3-4 years ago;Yes;4;Yes;1;Yes;Reduced the amount of sleep you get;Made friends who are like-minded;Yes;15 - 20 years;B;USA;Female
2019/02/24 2:15:45 AM GMT+5:30;Vixx ;Super Junior ;Yes;Its different from the usual music. I like something new for a change;3-4 years ago;I listen to both;4;Yes;1;No;Reduced the amount of sleep you get;Reduced stress/anxiety/depression;No;21 - 26 years;C;USA;Female
2019/02/24 2:44:58 AM GMT+5:30;BTS;EXO;Its gaining popularity;"Its different from the usual music. I like something new for a change;The videos are unique;Choreography is unique";9 years coming April ;Its about the music, not the gender;5;Yes;2;Notsure;Led to you being cajoled (made fun of) by classmates and family;Reduced stress/anxiety/depression;I want to, but the K-Pop groups don't come to my city;21 - 26 years;C;Canada;Female
2019/02/24 2:52:10 AM GMT+5:30;EXO;BLACKPINK;Its gaining popularity;"Its different from the usual music. I like something new for a change;The videos are unique;Choreography is unique";1 -2 years ago;Yes;5;Yes;4;Yes;none of the above ;Both;I want to, but the K-Pop groups don't come to my city;15 - 20 years;B;USA;Female
2019/02/24 6:17:36 AM GMT+5:30;MONSTA X;;Its gaining popularity;"Its different from the usual music. I like something new for a change;The videos are unique;Choreography is unique";1 -2 years ago;I listen to both;4;Yes;1;No;Led to you being cajoled (made fun of) by classmates and family;Made friends who are like-minded;I want to, but the K-Pop groups don't come to my city;15 - 20 years;B;A country in the UK;Female
2019/02/24 7:04:03 AM GMT+5:30;b.a.p; Stray Kids;Its gaining popularity;Its different from the usual music. I like something new for a change;3-4 years ago;Its about the music, not the gender;4;Yes;2;Notsure;Led to you being cajoled (made fun of) by classmates and family;Made friends who are like-minded;I want to, but the K-Pop groups don't come to my city;15 - 20 years;B;Other European countries;Female
2019/02/24 8:56:12 AM GMT+5:30;BTS;;Its gaining popularity;"Its different from the usual music. I like something new for a change;The videos are unique;Choreography is unique;The idols are very attractive";More than 4 years ago;Its about the music, not the gender;5;Yes;1;Yes;Reduced the number of friends you have;Reduced stress/anxiety/depression;I want to, but the K-Pop groups don't come to my city;10 - 14 years;A;USA;Female
2019/02/24 9:26:21 AM GMT+5:30;BTS;;Its gaining popularity;Its different from the usual music. I like something new for a change;More than 4 years ago;Yes;4;Yes;1;Yes;I'd rather say that because of my connection with K-Pop, it has opened doorsfor me to make new friends (even to that of bosses).;Made friends who are like-minded;I want to, but the K-Pop groups don't come to my city;15 - 20 years;B;USA;Female
2019/02/24 11:14:11 AM GMT+5:30;BTS;Seventeen ;Yes;Itâ€™s something that makes me happy;3-4 years ago;Yes;5;Yes;1;Yes;Reduced your time to socialise with your friends/partners/family;Reduced stress/anxiety/depression;Yes;15 - 20 years;B;Canada;Female
2019/02/24 1:47:03 PM GMT+5:30;BTS;EXO;Its gaining popularity;"Its different from the usual music. I like something new for a change;The videos are unique;Choreography is unique;The idols are very attractive";More than 4 years ago;I listen to both;5;Yes;1;No;Reduced the amount of sleep you get;All of the above;Yes;15 - 20 years;B;USA;Female
2019/02/24 1:52:05 PM GMT+5:30;BTS;;Yes;Its different from the usual music. I like something new for a change;3-4 years ago;I listen to both;5;Yes;2;Yes;Led to you being cajoled (made fun of) by classmates and family;Reduced stress/anxiety/depression;I want to, but the K-Pop groups don't come to my city;15 - 20 years;B;USA;Female
2019/02/24 1:52:12 PM GMT+5:30;BTS;;Yes;Its different from the usual music. I like something new for a change;3-4 years ago;I listen to both;5;Yes;2;Yes;Led to you being cajoled (made fun of) by classmates and family;Reduced stress/anxiety/depression;I want to, but the K-Pop groups don't come to my city;15 - 20 years;B;USA;Female
2019/02/24 2:11:42 PM GMT+5:30;Red velvet;;Its gaining popularity;Everything about kpop is very different from the fandoms to the lightsticks;1 -2 years ago;I listen to both;5;Yes;3;Yes;Led to you being cajoled (made fun of) by classmates and family;Made friends who are like-minded;Yes;15 - 20 years;B;A country in the UK;Female
2019/02/24 2:29:45 PM GMT+5:30;Ikon;;Yes;Its different from the usual music. I like something new for a change;3-4 years ago;I listen to both;4;Yes;2;Yes;Reduced the amount of sleep you get;Made friends who are like-minded;Yes;15 - 20 years;B;USA;Female
2019/02/24 6:37:25 PM GMT+5:30;Stray Kids ;;Its gaining popularity;Its different from the usual music. I like something new for a change;1 -2 years ago;I listen to both;5;Yes;2;Yes;Led to you being cajoled (made fun of) by classmates and family;Made friends who are like-minded;Yes;10 - 14 years;A;A country in the UK;Female
2019/02/24 10:14:55 PM GMT+5:30;Shinee;;Its gaining popularity;Its different from the usual music. I like something new for a change;More than 4 years ago;I listen to both;4;Yes;2;No;None of the above ;Reduced stress/anxiety/depression;I want to, but the K-Pop groups don't come to my city;15 - 20 years;B;USA;Female
2019/02/25 12:34:05 PM GMT+5:30;BTS;;Its gaining popularity;"Its different from the usual music. I like something new for a change;The videos are unique;Choreography is unique;The idols are very attractive";3-4 years ago;I listen to both;5;Yes;1;Yes;Led to you being cajoled (made fun of) by classmates and family;Reduced stress/anxiety/depression;Yes;15 - 20 years;B;USA;Female
2019/02/25 11:28:15 PM GMT+5:30;BTS;GOT7;Yes;"Its different from the usual music. I like something new for a change;Choreography is unique";More than 4 years ago;Yes;4;Yes;2;Yes;Led to you being cajoled (made fun of) by classmates and family;Nothing specific, I just like the music;I want to, but the K-Pop groups don't come to my city;21 - 26 years;C;Latin America;Female
2019/02/25 11:38:25 PM GMT+5:30;EXO;MONSTA X;Yes;"Its different from the usual music. I like something new for a change;The videos are unique;Choreography is unique;The idols are very attractive;There is more personal content being uploaded every day";7 years ago;Its about the music, not the gender;1;Yes;2;Yes;All of the above;Both;Yes;15 - 20 years;B;USA;Female
2019/02/26 6:54:24 AM GMT+5:30;BTS;;Its gaining popularity;"Its different from the usual music. I like something new for a change;The videos are unique;Choreography is unique;The idols are very attractive";More than 4 years ago;Yes;4;Yes;2;Yes;Led to you being cajoled (made fun of) by classmates and family;Reduced stress/anxiety/depression;I want to, but the K-Pop groups don't come to my city;21 - 26 years;C;USA;Female
2019/02/27 4:41:27 AM GMT+5:30;BTS;;Yes;"Its different from the usual music. I like something new for a change;The videos are unique;Choreography is unique";Less than a year ago;Yes;4;Yes;2;Notsure;Reduced the amount of sleep you get;Reduced stress/anxiety/depression;I want to, but the K-Pop groups don't come to my city;21 - 26 years;C;USA;Female
2019/02/27 5:25:18 AM GMT+5:30;BTS;;Yes;Its different from the usual music. I like something new for a change;More than 4 years ago;Yes;4;Yes;1;Yes;Reduced the amount of sleep you get;Made friends who are like-minded;I want to, but the K-Pop groups don't come to my city;15 - 20 years;B;USA;Female
2019/02/27 2:56:10 PM GMT+5:30;MONSTA X;;Its gaining popularity;"Its different from the usual music. I like something new for a change;The videos are unique;Choreography is unique;The idols are very attractive";3-4 years ago;Yes;5;Yes;1;Yes;None of the above, I talk about it with a couple friends who also like kpop otherwise itâ€™s only in my own time. I donâ€™t talk about it around others and stuff;Made friends who are like-minded;I want to, but the K-Pop groups don't come to my city;15 - 20 years;B;Australia;Female
2019/02/28 4:53:53 AM GMT+5:30;EXO;;Its gaining popularity;Choreography is unique;3-4 years ago;Its about the music, not the gender;4;Yes;1;No;no;Made friends who are like-minded;No;10 - 14 years;A;USA;Female
2019/02/28 6:12:20 AM GMT+5:30;EXO;;Its gaining popularity;Its different from the usual music. I like something new for a change;More than 4 years ago;Its about the music, not the gender;5;Yes;1;No;Led to you being cajoled (made fun of) by classmates and family;Reduced stress/anxiety/depression;Yes;21 - 26 years;C;USA;Female
2019/02/28 4:17:15 PM GMT+5:30;BTS;EXO;Its gaining popularity;"Its different from the usual music. I like something new for a change;Choreography is unique";Less than a year ago;Yes;4;Yes;3;Notsure;Reduced the number of friends you have;Reduced stress/anxiety/depression;I want to, but the K-Pop groups don't come to my city;15 - 20 years;B;South Africa;Female
2019/03/05 12:33:25 AM GMT+5:30;BTS;;Yes;"Its different from the usual music. I like something new for a change;The videos are unique;Choreography is unique";1 -2 years ago;Yes;4;Yes;2;No;Reduced the amount of sleep you get;Made friends who are like-minded;No;10 - 14 years;A;USA;Female
2019/03/05 8:39:08 AM GMT+5:30;Treasure 13; Stray Kids;Its gaining popularity;"The videos are unique;Choreography is unique;Kpop idols personality";3-4 years ago;Yes;4;Yes;1;Yes;Led to you being cajoled (made fun of) by classmates and family;Made friends who are like-minded;I want to, but the K-Pop groups don't come to my city;15 - 20 years;B;Other European countries;Female
2019/03/06 5:30:13 PM GMT+5:30;BTS;;Yes;"Its different from the usual music. I like something new for a change;The videos are unique;Choreography is unique";1 -2 years ago;I listen to both;4;Yes;1;Yes;Reduced the amount of sleep you get;Reduced stress/anxiety/depression;Yes;15 - 20 years;B;USA;Female
2019/03/12 7:20:42 AM GMT+5:30;BTS;;Yes;Its different from the usual music. I like something new for a change;More than 4 years ago;Its about the music, not the gender;5;Yes;1;No;Reduced the amount of sleep you get;Made friends who are like-minded;No;21 - 26 years;C;USA;Female
2019/03/15 5:01:53 AM GMT+5:30;MONSTA X;;Its gaining popularity;Its different from the usual music. I like something new for a change;3-4 years ago;I listen to both;5;Yes;3;Notsure;Reduced the amount of sleep you get;Reduced stress/anxiety/depression;I want to, but the K-Pop groups don't come to my city;15 - 20 years;B;Latin America;Female
2019/03/24 6:53:24 AM GMT+5:30;BTS;;Yes;"Its different from the usual music. I like something new for a change;I only like BTS, not really any other groups.";More than 4 years ago;Yes;4;No;;No;Reduced your time to socialise with your friends/partners/family;Made friends who are like-minded;Yes;15 - 20 years;B;USA;Female
2019/04/07 7:37:30 PM GMT+5:30;BTS;GOT7;I'm not sure;The videos are unique;Less than a year ago;Yes;5;Yes;2;Yes;Reduced the amount of sleep you get;Reduced stress/anxiety/depression;No;10 - 14 years;A;USA;Female
2019/04/11 11:03:50 PM GMT+5:30;BTS;;Yes;"Its different from the usual music. I like something new for a change;The idols are very attractive";More than 4 years ago;I listen to both;4;Yes;2;Notsure;Reduced the amount of sleep you get;Made friends who are like-minded;Yes;15 - 20 years;B;Turkey;Female
2019/05/28 8:18:07 AM GMT+5:30;VIXX;;Its gaining popularity;Its different from the usual music. I like something new for a change;3-4 years ago;Yes;4;Yes;1;Notsure;Nothing as such;Reduced stress/anxiety/depression;I want to, but the K-Pop groups don't come to my city;15 - 20 years;B;Other European countries;Female
